{"city_1": 0.847, "city_10": 0.895, "city_100": 0.887, "city_101": 0.5579999999999999, "city_102": 0.804, "city_103": 0.92, "city_104": 0.924, "city_105": 0.794, "city_106": 0.698, "city_107": 0.518, "city_109": 0.701, "city_11": 0.55, "city_111": 0.698, "city_114": 0.9259999999999999, "city_115": 0.789, "city_116": 0.743, "city_117": 0.698, "city_118": 0.722, "city_12": 0.64, "city_120": 0.7799999999999999, "city_121": 0.781, "city_123": 0.738, "city_126": 0.479, "city_127": 0.745, "city_128": 0.527, "city_129": 0.625, "city_13": 0.8270000000000001, "city_131": 0.68, "city_133": 0.742, "city_134": 0.698, "city_136": 0.8970000000000001, "city_138": 0.836, "city_139": 0.487, "city_14": 0.6979999999999998, "city_140": 0.856, "city_141": 0.763, "city_142": 0.727, "city_143": 0.74, "city_144": 0.84, "city_145": 0.555, "city_146": 0.735, "city_149": 0.6890000000000001, "city_150": 0.698, "city_152": 0.698, "city_155": 0.556, "city_157": 0.769, "city_158": 0.7659999999999998, "city_159": 0.8429999999999999, "city_16": 0.91, "city_160": 0.9199999999999999, "city_162": 0.767, "city_165": 0.903, "city_166": 0.649, "city_167": 0.921, "city_171": 0.664, "city_173": 0.878, "city_175": 0.7759999999999999, "city_176": 0.7639999999999999, "city_179": 0.512, "city_18": 0.8240000000000001, "city_180": 0.6979999999999998, "city_19": 0.682, "city_2": 0.7879999999999999, "city_20": 0.796, "city_21": 0.624, "city_23": 0.899, "city_24": 0.698, "city_25": 0.698, "city_26": 0.698, "city_27": 0.8480000000000001, "city_28": 0.939, "city_30": 0.698, "city_31": 0.807, "city_33": 0.4479999999999999, "city_36": 0.893, "city_37": 0.7939999999999999, "city_39": 0.898, "city_40": 0.7759999999999999, "city_41": 0.8270000000000001, "city_42": 0.563, "city_43": 0.516, "city_44": 0.725, "city_45": 0.89, "city_46": 0.762, "city_48": 0.493, "city_50": 0.8959999999999999, "city_53": 0.74, "city_54": 0.856, "city_55": 0.7390000000000001, "city_57": 0.8659999999999999, "city_59": 0.775, "city_61": 0.9130000000000001, "city_62": 0.645, "city_64": 0.6659999999999999, "city_65": 0.8019999999999999, "city_67": 0.855, "city_69": 0.856, "city_7": 0.647, "city_70": 0.698, "city_71": 0.884, "city_72": 0.795, "city_73": 0.754, "city_74": 0.579, "city_75": 0.939, "city_76": 0.698, "city_77": 0.83, "city_78": 0.579, "city_79": 0.698, "city_8": 0.698, "city_80": 0.847, "city_81": 0.7299999999999999, "city_82": 0.693, "city_83": 0.923, "city_84": 0.698, "city_89": 0.925, "city_9": 0.743, "city_90": 0.698, "city_91": 0.691, "city_93": 0.865, "city_94": 0.698, "city_97": 0.925, "city_98": 0.9489999999999998, "city_99": 0.915}